<?xml version="1.0" encoding="UTF-8"?>
<project-private xmlns="http://www.netbeans.org/ns/project-private/1">
    <editor-bookmarks xmlns="http://www.netbeans.org/ns/editor-bookmarks/2" lastBookmarkId="0"/>
    <open-files xmlns="http://www.netbeans.org/ns/projectui-open-files/2">
        <group>
            <file>file:/H:/Docencia/Material_Moduls/UPC/PROP/CURS_PROP_Q1/0_Laboratori/amazons/AmazonsUI/src/edu/upc/epsevg/prop/amazons/Amazons.java</file>
            <file>file:/H:/Docencia/Material_Moduls/UPC/PROP/CURS_PROP_Q1/0_Laboratori/amazons/AmazonsUI/src/edu/upc/epsevg/prop/amazons/AmazonsBoard.java</file>
            <file>file:/H:/Docencia/Material_Moduls/UPC/PROP/CURS_PROP_Q1/0_Laboratori/amazons/AmazonsUI/src/edu/upc/epsevg/prop/amazons/players/RandomPlayer.java</file>
            <file>file:/H:/Docencia/Material_Moduls/UPC/PROP/CURS_PROP_Q1/0_Laboratori/amazons/AmazonsUI/src/edu/upc/epsevg/prop/amazons/players/HumanPlayer.java</file>
            <file>file:/H:/Docencia/Material_Moduls/UPC/PROP/CURS_PROP_Q1/0_Laboratori/amazons/AmazonsUI/nbproject/build-impl.xml</file>
        </group>
    </open-files>
</project-private>
